source,author,title,description,url,urlToImage,publishedAt,content
"{'id': 'cbc-news', 'name': 'CBC News'}",,Poilievre hopes young people are listening as he appeals for record turnout,"Conservative Leader Pierre Poilievre is trying to win over young people — men in particular — when he calls for the 'biggest voter turnout in Canadian history' to avoid a Liberal win on Monday, some political experts say.",https://www.cbc.ca/news/politics/pierre-poilievre-record-turnout-play-young-voters-1.7519610,https://i.cbc.ca/1.7519721.1745709157!/fileImage/httpImage/image.jpg_gen/derivatives/16x9_1180/pierre-poilievre-calgary.jpg?im=Resize%3D620,2025-04-26T23:59:05Z,"Pierre Poilievre is trying to win over young people when he says he needs the ""biggest voter turnout in Canadian history"" to reverse a Liberal victory some polls suggest is a foregone conclusion, pol… [+4908 chars]"
"{'id': 'usa-today', 'name': 'USA Today'}",Matt Melton,Social media reacts to Alabama tight end Robbie Ouzts' NFL draft selection,Alabama tight end Robbie Ouzts was selected in the fifth round of the 2025 NFL draft. Here are some reactions to the pick.,https://rolltidewire.usatoday.com/story/sports/college/crimson-tide/football/2025/04/26/2025-nfl-draft-robbie-ouzts-alabama-football-fifth-round-reactions/83283112007/,"https://rolltidewire.usatoday.com/gcdn/authoring/authoring-images/2025/04/26/STID/83299678007-usatsi-25090291.jpg?crop=3453,1942,x0,y180&width=3200&height=1800&format=pjpg&auto=webp",2025-04-26T23:55:25Z,"After drafting quarterback Jalen Milroe on Friday night, the Seattle Seahawks selected another Alabama Crimson Tide player Saturday afternoon in tight end Robbie Ouzts.
One-of-two Alabama tight ends… [+570 chars]"
"{'id': None, 'name': 'Memeorandum.com'}",,"Americans, including Republicans, losing faith in Trump, new polls reveal (Adam Gabbatt/The Guardian)","Adam Gabbatt / The Guardian:
Americans, including Republicans, losing faith in Trump, new polls reveal  —  Trump scores poorly on economy and immigration as some fear he is ‘exceeding powers’ and focussed on wrong issues  —  Americans, including some Republic…",https://www.memeorandum.com/250426/p49,https://i.guim.co.uk/img/media/2cb9ed57e2b0474c89267c696e2a4231fa2a80a2/86_317_3898_2339/master/3898.jpg?width=300&dpr=2&s=none,2025-04-26T23:55:00Z,"memeorandum is an auto-generated summary of the stories that US political commentators are discussing online right now.
Unlike sister sites Techmeme and Mediagazer, it is not a human-edited news out… [+72 chars]"
"{'id': None, 'name': 'Wnd.com'}",Mike Pottage,Dems have another rising-star criminal alien,'A drunken driver killed 2 young people',https://www.wnd.com/2025/04/dems-have-another-rising-star-criminal-alien/,https://www.wnd.com/wp-content/uploads/2024/06/drunk-driving-alcohol-beer-Pexels.jpg,2025-04-26T23:53:52Z,"The 405 Freeway in Orange County, California, is jammed with vehicles at all hours. Traffic rarely proceeds at the posted speed limit. But in November of 2021, a drunken driver traveling at speeds es… [+4685 chars]"
"{'id': None, 'name': 'New York Post'}",Fox News,Trump admin demands crackdown on illegal immigrants’ use of taxpayer-funded food stamps,The United States Department of Agriculture is demanding that states ensure illegal immigrants are not using food stamps.,https://nypost.com/2025/04/26/us-news/trump-wh-demands-crackdown-on-illegal-immigrants-use-snap-cut-down-on-billions-of-fraud/,https://nypost.com/wp-content/uploads/sites/2/2025/04/103376573.jpg?quality=75&strip=all&w=1024,2025-04-26T23:53:38Z,"The United States Department of Agriculture is demanding that states ensure illegal immigrants are not using food stamps.
The department wants states to comply with President Donald Trumps executive… [+4059 chars]"
"{'id': None, 'name': 'Slashdot.org'}",feedfeeder,Massive explosion at Iranian port kills 14 and injures hundreds - CNN,"Massive explosion at Iranian port kills 14 and injures hundredsCNN Huge blast at key Iranian port kills eight and injures more than 750BBC 4 dead, hundreds injured in explosion at Iranian port, officials sayABC News Massive Iran Port Explosion Kills at Least …",https://slashdot.org/firehose.pl?op=view&amp;id=177162859,,2025-04-26T23:52:35Z,"Five is a sufficiently close approximation to infinity.
-- Robert Firth
""One, two, five.""
-- Monty Python and the Holy Grail"
"{'id': 'abc-news-au', 'name': 'ABC News (AU)'}",Emmy Groves and Coquohalla Connor,Election pamphlets may be 'annoying' but they tell a story of Australia,"The National Library is asking for contributions to its election ephemera collection which it's been building since federation, collecting posters of former Prime Minister John Howard, flyers for Kevin ’07 and even how to vote cards from the early 1900s.",https://www.abc.net.au/news/2025-04-27/your-election-trash-is-the-national-library-s-treasure/105205760,https://live-production.wcms.abc-cdn.net.au/6ff58050e734cbb4b85d87c9a1971e23?impolicy=wcms_watermark_news&cropH=2268&cropW=4032&xPos=0&yPos=497&width=862&height=485&imformat=generic,2025-04-26T23:50:36Z,"Australian political history is littered with well-known and well-worn slogans.
""It's Time"", the catch-cry of Gough Whitlam's campaign in 1972, is a notable moment in time.
The phrase, like many el… [+4352 chars]"
"{'id': None, 'name': 'National Post'}",National Post Staff,"Liberal candidate apologizes for comments she says were 'taken out of context' on elderly, new mothers","'I recognize that, regardless of context, some of my words may have hurt people and for that I am truly sorry,' said Nell Thomas.",https://nationalpost.com/news/politics/federal_election/liberal-candidate-apologizes-for-comments-she-says-were-taken-out-of-context-on-elderly-new-mothers,https://smartcdn.gprod.postmedia.digital/nationalpost/wp-content/uploads/2025/04/490003623_122110316948815734_605274019560967127_n.jpg,2025-04-26T23:50:36Z,"OTTAWA Liberal candidate Nell Thomas has apologized for comments she has reportedly made on social media that cast doubt on her views about the elderly population and new mothers.
THIS CONTENT IS RE… [+4262 chars]"
"{'id': None, 'name': 'Wnd.com'}",Larry Elder,"Electric vehicles: The good, the bad and the ugly",'EVs might harm the planet more than gas-powered cars',https://www.wnd.com/2025/04/electric-vehicles-the-good-the-bad-and-the-ugly/,https://www.wnd.com/wp-content/uploads/2022/03/electric-vehicles-charging-station.-Pixabay.jpg,2025-04-26T23:50:06Z,"Are electric vehicles better for the planet than gasoline-powered vehicles? This is the question we explore in my new documentary “Electric Vehicles The Good, The Bad and The Ugly.”
Whether one agre… [+4308 chars]"
"{'id': None, 'name': 'Freerepublic.com'}",NYPost,"Mask-wearing thief who allegedly stole Kristi Noem’s Gucci bag containing $3K in cash, passport arrested: sources","The mask-wearing thief who stole Homeland Security Kristi Noem’s Gucci bag containing $3,000 in cash has been arrested, sources told The Post Saturday. Noem, 53, was on an Easter outing at a district burger restaurant with her family when someone stole the lu…",https://freerepublic.com/focus/f-news/4313476/posts,,2025-04-26T23:49:45Z,"Skip to comments.
Mask-wearing thief who allegedly stole Kristi Noems Gucci bag containing $3K in cash, passport arrested: sourcesNYPost ^
 | 4/26/25
 | Joe Marino and Anna Young
Posted on 04/26/… [+1455 chars]"
"{'id': None, 'name': 'BBC News'}",,"Eighty years on, survivors and families remember horrors of Bergen Belsen",180 British Jews will join groups marking the liberation of the Nazi concentration camp in Germany.,https://www.bbc.com/news/articles/cx2v31plmkxo,https://ichef.bbci.co.uk/news/1024/branded_news/418c/live/30d4f6e0-21f6-11f0-9d38-b324bdc69b32.jpg,2025-04-26T23:49:17Z,"Duncan KennedyBBC News at Bergen Belsen
Tens of thousands of people, most of them Jews, died at Belsen in northern Germany
There had been rumours. There had been aerial photographs. There had been … [+3751 chars]"
"{'id': None, 'name': 'Biztoc.com'}",nbcnews.com,Trump and Zelenskyy speak at Pope Francis' funeral,President Trump and Ukrainian President Zelenskyy met on the sidelines of Pope Francis' funeral as talks to end Russia's war on Ukraine ramp up. NBC News Correspondent Aaron Gilchrist reports.,https://biztoc.com/x/69d9d59ea7ed9654,https://biztoc.com/cdn/69d9d59ea7ed9654_s.webp,2025-04-26T23:48:54Z,"President Trump and Ukrainian President Zelenskyy met on the sidelines of Pope Francis' funeral as talks to end Russia's war on Ukraine ramp up. NBC News Correspondent Aaron Gilchrist reports.
This … [+50 chars]"
"{'id': None, 'name': 'Freerepublic.com'}",Gateway Pundit,LOCK HIM UP: LAWLESS WISCONSIN GOVERNOR Issues Guidelines to State Employees to Shield Illegal Aliens from ICE Agents,"Democrats chose a hill to die on—they will defend the last violent, human-trafficking Central American gangbanger escape from ICE no matter what the cost. According to documents leaked by conservative radio host Dan O’Donnell, a Department of Administration (…",https://freerepublic.com/focus/f-bloggers/4313475/posts,,2025-04-26T23:47:17Z,"Skip to comments.
LOCK HIM UP: LAWLESS WISCONSIN GOVERNOR Issues Guidelines to State Employees to Shield Illegal Aliens from ICE AgentsGateway Pundit ^
 | April 26, 2025
 | Jim Hoft
Posted on 04/… [+2443 chars]"
"{'id': 'fox-news', 'name': 'Fox News'}",Jackson Thompson,"Shedeur Sanders opens up on historic NFL Draft slide, prank call and becoming a Brown",New Browns quarterback Shedeur Sanders opened up about his dramatic NFL Draft slide that included a national media frenzy and a prank phone call.,https://www.foxnews.com/sports/shedeur-sanders-opens-up-historic-nfl-draft-slide-suffering-prank-call-becoming-brown,https://static.foxnews.com/foxnews.com/content/uploads/2025/04/shedeur-sanders2.jpg,2025-04-26T23:47:03Z,"Shedeur Sanders has a home in the NFL after a shocking, nearly three-day wait during which he dramatically slid down the draft. 
The Cleveland Browns ended one of the most controversial NFL Draft sl… [+5493 chars]"
"{'id': None, 'name': 'NBCSports.com'}",Kurt Helin,Jimmy Butler officially ruled out for Warriors in Game 3,Butler suffered a pelvic contusion after a nasty fall in Game 2.,https://www.nbcsports.com/nba/news/jimmy-butler-officially-ruled-out-for-warriors-in-game-3,https://nbcsports.brightspotcdn.com/dims4/default/68c3cc8/2147483647/strip/true/crop/1797x1011+0+76/resize/1440x810!/quality/90/?url=https%3A%2F%2Fnbc-sports-production-nbc-sports.s3.us-east-1.amazonaws.com%2Fbrightspot%2F5d%2F96%2Ffc764a9a4e08af06c7651e754a6e%2Fhttps-api-imagn.com%2Frest%2Fdownload%2FimageID%3D26001014,2025-04-26T23:45:37Z,"Golden State looked vulnerable this season before Jimmy Butler arrived, but its going to need to find a way to win a game without him Saturday.
After going through warmups, Butler has been ruled out… [+1082 chars]"
"{'id': None, 'name': 'Boxingnews24.com'}",Boxing News,Chris Eubank Jr Vs. Conor Benn: A Clash of Generations,"By Abu Mahmood: The highly anticipated boxing match between Chris Eubank Jr (35-3-0, 25 KOs) and Conor → read article 
Chris Eubank Jr Vs. Conor Benn: A Clash of Generations @ Boxing News 24",https://www.boxingnews24.com/2025/04/chris-eubank-jr-vs-conor-benn-a-clash-of-generations/,https://www.boxingnews24.com/wp-content/uploads/2025/04/Eunbank-Jr-vs-benn4934.jpg,2025-04-26T23:45:17Z,"By Abu Mahmood: The highly anticipated boxing match between Chris Eubank Jr (35-3-0, 25 KOs) and Conor Benn (23-1-0, 14 KOs) was a spectacle that captivated audiences worldwide.
(Credit: Mark Robins… [+6734 chars]"
"{'id': None, 'name': 'STLtoday.com'}",By Eli Hoff St. Louis Post-Dispatch,"Patriots draft Mizzou's Marcus Bryant; Cook, Wease, others sign UDFA deals",Missouri quarterback Brady Cook reportedly signed with the New York Jets as an undrafted free agent.,https://www.stltoday.com/sports/college/mizzou/article_5dcc6739-e2f7-4ac9-a2c5-f8bce0e10cd1.html,https://bloximages.newyork1.vip.townnews.com/stltoday.com/content/tncms/assets/v3/editorial/5/dc/5dcc6739-e2f7-4ac9-a2c5-f8bce0e10cd1/680d6fec7d1c8.preview.jpg?crop=1761%2C925%2C0%2C126&resize=1200%2C630&order=crop%2Cresize,2025-04-26T23:45:00Z,"One Missouri product was selected during the final round of the NFL Draft while a handful of others signed free agent deals with pro teams immediately afterward.
The New England Patriots drafted Mis… [+3532 chars]"
"{'id': 'marca', 'name': 'Marca'}",marca.com,Aaron Rodgers' NFL future in freefall after Vikings' shocking QB trade,Aaron Rodgers is running out of options. The former New York Jets quarterback saw yet another opportunity slip away when the Seattle Seahawks traded with the Minnesota Vikings to i,https://www.marca.com/en/nfl/minnesota-vikings/2025/04/27/680d6de046163f2e698b4581.html,https://phantom-marca.uecdn.es/f429112b048450aa7f23222ff05fab6b/resize/1200/f/webp/assets/multimedia/imagenes/2025/04/27/17457104789152.jpg,2025-04-26T23:43:49Z,Aaron Rodgers is running out of options. The former New York Jets quarterback saw yet another opportunity slip away when the Seattle Seahawks traded with the Minnesota Vikings to improve their fifth-… [+2205 chars]
"{'id': 'cbs-news', 'name': 'CBS News'}",Major  Garrett,The Washington Hilton's decades-long history with D.C. politics,"The White House Correspondents' Dinner has been an annual tradition since 1921, bringing together presidential comedy and the press corps, and the Hilton has been its home for 57 years.",https://www.cbsnews.com/news/washington-hilton-history-role-presidency-white-house-correspondents-dinner/,https://assets1.cbsnewsstatic.com/hub/i/r/2025/04/26/4bc732c5-dc44-4198-9302-b916be744913/thumbnail/1200x630/cfbde632f09eda3f05ff9e7a9ec86d66/gettyimages-2197996773.jpg?v=8e9dede207b29c97b32974c53e32aabc,2025-04-26T23:40:45Z,"Washington — Inside the kitchen at the Washington Hilton ahead of Saturday night's White House Correspondents' Dinner are frenetic dinner preparations for about 2,600 people.  
""So, if it's a three-… [+2889 chars]"
"{'id': None, 'name': 'Patriotnewswire.com'}",Rikki Tikki Tavi,Kids' Health Under Attack: Ban Petroleum-Based Food Dyes Now!,"RFK Jr. pushes to crush petroleum-based food dyes, citing health risks. Support conservative fight for safer food.",https://patriotnewswire.com/kids-health-under-attack-ban-petroleum-based-food-dyes-now/,https://patriotnewswire.com/wp-content/uploads/2025/04/IMG_0274.jpeg,2025-04-26T23:40:44Z,"Health and Human Services Secretary Robert F. Kennedy Jr. launches a fierce campaign to crush petroleum-based dyes in Americas food supply, as reported by Fox News. These synthetic dyes, linked to AD… [+2945 chars]"
"{'id': None, 'name': 'Yahoo Entertainment'}",Frank Schwab,"2025 NFL Draft: After being undrafted, Shilo Sanders signs with Tampa Bay Buccaneers",Shilo Sanders was overshadowed in this draft process by his brother.,https://sports.yahoo.com/nfl/article/2025-nfl-draft-after-being-undrafted-shilo-sanders-signs-with-tampa-bay-buccaneers-234032112.html,https://s.yimg.com/ny/api/res/1.2/ZCUpq3TqCcBUzKrztsNfNg--/YXBwaWQ9aGlnaGxhbmRlcjt3PTEyMDA7aD04MDA7Y2Y9d2VicA--/https://s.yimg.com/os/creatr-uploaded-images/2025-04/bec1e510-22f7-11f0-abdf-d3f6d37ec912,2025-04-26T23:40:32Z,"Shedeur Sanders wasn't the only member of his family to have a bit of a disappointing NFL Draft. At least Shedeur got drafted. 
Shedeur Sanders got all of the attention as a quarterback with uncerta… [+1766 chars]"
"{'id': 'newsweek', 'name': 'Newsweek'}",Adeola Adeosun,Video of Pete Buttigieg's Explanation on Social Security Takes Off Online,"Buttigieg's explanation comes amid controversy surrounding DOGE, which has been conducting what it calls ""a major cleanup"" of Social Security records.",https://www.newsweek.com/video-pete-buttigieg-explanation-social-security-flagrant-viral-2064657,https://d.newsweek.com/en/full/2634001/pete-buttigieg.jpg,2025-04-26T23:38:43Z,A video clip of former Transportation Secretary Pete Buttigieg explaining Social Security Administration (SSA) database issues on the Flagrant podcast hosted by comedian Andrew Schulz has gained majo… [+6358 chars]
"{'id': None, 'name': 'Biztoc.com'}",imf.org,"Chair’s Statement: Fifty-First Meeting of the IMFC - Mr. Mohammed Aljadaan, Minister for Finance of Saudi Arabia",,https://biztoc.com/x/01c766cf24da7a02,https://biztoc.com/cdn/930/og.png,2025-04-26T23:38:20Z,"{ window.open(this.href, '_blank'); }, 200); return false;""&gt;Why did Tesla hike prices in Canada? { window.open(this.href, '_blank'); }, 200); return false;""&gt;How will Trump's tariffs impact smal… [+965 chars]"
"{'id': None, 'name': 'Biztoc.com'}",nbcnews.com,Pope Francis laid to rest in historic funeral ceremony,Almost half a million people packed into St. Peter's Square on Saturday to say farewell to Pope Francis. Dignitaries from around the world attended the funeral mass. NBC News Correspondent Anne Thompson reports.,https://biztoc.com/x/28b4e3e1620a6e69,https://biztoc.com/cdn/28b4e3e1620a6e69_s.webp,2025-04-26T23:37:47Z,Almost half a million people packed into St. Peter's Square on Saturday to say farewell to Pope Francis. Dignitaries from around the world attended the funeral mass. NBC News Correspondent Anne Thomp… [+69 chars]
"{'id': None, 'name': 'GlobeNewswire'}",The Rosen Law Firm PA,"If You Have Suffered Losses in Pony AI Inc. (NASDAQ: PONY), You Are Encouraged to Contact The Rosen Law Firm About Your Rights","NEW YORK, April 26, 2025 (GLOBE NEWSWIRE) -- WHY: Rosen Law Firm, a global investor rights law firm, continues to investigate potential securities claims on behalf of shareholders of Pony AI Inc. (NASDAQ: PONY) resulting from allegations that Pony AI may have…",https://www.globenewswire.com/news-release/2025/04/26/3068795/673/en/If-You-Have-Suffered-Losses-in-Pony-AI-Inc-NASDAQ-PONY-You-Are-Encouraged-to-Contact-The-Rosen-Law-Firm-About-Your-Rights.html,https://ml.globenewswire.com/Resource/Download/745335af-3a3a-4fb5-84c0-fdedc9adf092,2025-04-26T23:37:00Z,"NEW YORK, April 26, 2025 (GLOBE NEWSWIRE) -- 
WHY: Rosen Law Firm, a global investor rights law firm, continues to investigate potential securities claims on behalf of shareholders of Pony AI Inc. (… [+3241 chars]"
"{'id': 'fox-news', 'name': 'Fox News'}",Alexandra Koch,"FAA, NTSB investigating after 3 people killed in Tennessee plane crash",Officials are investigating a fatal plane crash in middle Tennessee Saturday that claimed the lives of all three people on board.,https://www.foxnews.com/us/faa-ntsb-investigating-after-3-people-killed-tennessee-plane-crash,https://static.foxnews.com/foxnews.com/content/uploads/2025/04/plane.png,2025-04-26T23:36:20Z,"Three people traveling in a small plane died on Saturday after crashing about one mile south of a rural airport in Sparta, Tennessee.
Airport officials and the Federal Aviation Administration (FAA) … [+1576 chars]"
"{'id': 'newsweek', 'name': 'Newsweek'}",Jeremy Hanna,WWE Superstar Used Fan's Prosthetic Leg in SmackDown Victory,"On Friday Night Smackdown, a WWE Superstar took a fan's prosthetic leg and used it to help toward their victory. And the fan couldn't be happier.",https://www.newsweek.com/sports/wrestling/wwe-superstar-used-fans-prosthetic-leg-smackdown-victory-2064673,https://d.newsweek.com/en/full/2634000/wwe-montez-ford-chelsea-green-angelo-dawkins.jpg,2025-04-26T23:36:10Z,"The week after WrestleMania is always a treat, with multiple angles being set up for the next year and matches that could have been at the Showcase of the Immortals.
More Pro Wrestling: WWE Supersta… [+2761 chars]"
"{'id': None, 'name': 'The Denver Post'}",Parker Gabriel,Broncos analysis: Denver likely to count on several from this draft class in quest to rise to AFC contention,"The Broncos' 2025 NFL draft class won’t draw rave early reviews, but it has a chance to help Sean Payton and George Paton's club rise up AFC.",https://www.denverpost.com/2025/04/26/broncos-nfl-draft-analysis-2025/,https://www.denverpost.com/wp-content/uploads/2025/04/TDP-L-SPFBNBRONCOS-0427-02_88b85a.jpg?w=1024&h=683,2025-04-26T23:35:18Z,"George Paton sounded almost gleeful on Friday night.
After a wheeling, dealing Friday night for the Broncos that featured three trades, 17 total draft picks that changed hands, and, ultimately, thre… [+4805 chars]"
"{'id': None, 'name': 'Slashdot.org'}",feedfeeder,Exclusive | Rosie O’Donnell reveals the surprising frequency in which she speaks to Lyle Menendez - Page Six,Exclusive | Rosie O’Donnell reveals the surprising frequency in which she speaks to Lyle MenendezPage Six Rosie O’Donnell interview: The free program for kids with autism that changed her child’s lifeNJ.com Hulu Releasing Rosie O’Donnell Documentary On Servic…,https://slashdot.org/firehose.pl?op=view&amp;id=177162537,,2025-04-26T23:32:25Z,"Five is a sufficiently close approximation to infinity.
-- Robert Firth
""One, two, five.""
-- Monty Python and the Holy Grail"
"{'id': None, 'name': 'UPI.com'}",Mike Heuer,Student access to visa database restored on Friday,International students who recently lost access to a federal database to check the status of their student visas can view their respective records once again...,https://www.upi.com/Top_News/US/2025/04/26/student-visas/5511745709432/,https://media.zenfs.com/en/united_press_international_articles_356/a3173888ff7baa8d827f65829b98e5bb,2025-04-26T23:30:30Z,"April 26 (UPI) -- International students who recently lost access to a federal database to check the status of their student visas can view their respective records once again.
The Department of Hom… [+1733 chars]"
"{'id': 'the-irish-times', 'name': 'The Irish Times'}",Alex Fegan,Sorry seems to be the hardest word - but there’s much value in the honest introspection of Confession,"Rite & Reason:  As I filmed priests and reflected on this ancient rite, I learned the difference between a true confession and rote recitations",https://www.irishtimes.com/opinion/2025/04/27/sorry-seems-to-be-the-hardest-word-but-theres-much-value-in-the-honest-introspection-of-confession/,https://www.irishtimes.com/resizer/v2/XVZFPCOZ6NK43PXK5MMQARRNJA.jpg?smart=true&auth=df9ab2afcb8a5f7cf2c94c8efd9d278b04b1100ef58a01e88794e2b22c46720e&width=1200&height=630,2025-04-26T23:30:00Z,"I was late for my first day of law school and said sorry to the professor. Never apologise, he bellowed, offering what he seemed to believe was sage advice.
He was a pipe-smoking, practising barrist… [+5298 chars]"
"{'id': None, 'name': 'Daily Beast'}",Catherine Bouris,RFK Jr.’s Wish Is Coming True: Everybody’s Getting Measles,"RFK Jr.’s vision for America is rapidly becoming reality, with the number of measles cases skyrocketing across the country, bringing the number of confirmed ...",https://www.thedailybeast.com/rfk-jrs-wish-is-coming-true-everybodys-getting-measles/,https://s.yimg.com/ny/api/res/1.2/.XHh71dyLRIwL0OIBS4IdA--/YXBwaWQ9aGlnaGxhbmRlcjt3PTEyMDA7aD02NzU-/https://media.zenfs.com/en/thedailybeast.com/f98dbad6936d6d516313e693fe06bf47,2025-04-26T23:29:55Z,"RFK Jr.s vision for America is rapidly becoming reality, with the number of measles cases skyrocketing across the country, bringing the number of confirmed cases to a total of 884.
According to data… [+2505 chars]"
"{'id': None, 'name': '7NEWS.com.au'}",7news,"1800MEDICARE: Free, all-hours healthcare pledged by Labor as Federal Election day looms",Hundreds of thousands of Australians could avoid the emergency department under one of Labor's last health promises of the election campaign.,https://7news.com.au/politics/federal-election/1800medicare-free-all-hours-healthcare-pledged-by-labor-as-federal-election-day-looms-c-18499331,https://images.7news.com.au/publication/C-18499331/ffc717bb067739de50260ddef7c1a77b9f653e73-16x9-x0y0w1280h720.jpg?imwidth=1200,2025-04-26T23:29:41Z,"Australians could soon access free, expert health advice at all hours of the day, as Labor champions Medicare in one of its final campaign pushes.
If his party is re-elected, Prime Minister Anthony … [+2628 chars]"
"{'id': None, 'name': 'Motorsport.com'}",Nick DeGroot,"Emotional Jeb Burton questions NASCAR decision, claims he won Xfinity race",Jeb Burton broke down into tears following the NASCAR Xfinity race at Talladega after a much-needed victory slipped through his fingertips,https://www.motorsport.com/nascar-xs/news/Emotional-Jeb-Burton-questions-NASCAR-decision-claims-he-won-Xfinity-race/10717270/,https://cdn-6.motorsport.com/images/amp/6zQGyRkY/s6/jeb-burton-jordan-anderson-rac.jpg,2025-04-26T23:28:51Z,"Two-time Talladega Xfinity winner Jeb Burton is not ready to accept the results of Saturday's NASCAR Xfinity race at the superspeedway. While he was battling three-wide for the race lead, officials t… [+2008 chars]"
"{'id': None, 'name': 'Memeorandum.com'}",,Trump's Cosplay Cabinet (Ashley Parker/The Atlantic),"Ashley Parker / The Atlantic:
Trump's Cosplay Cabinet … In Donald Trump's administration, Homeland Security Secretary Kristi Noem rotates through various costumes—firefighting gear for drills with the United States Coast Guard, a cowboy hat and horse for a ja…",https://www.memeorandum.com/250426/p48,https://cdn.theatlantic.com/thumbor/QyCWnjs5tbuolL4eOAVYr96I2sQ=/0x45:2000x1087/1200x625/media/img/mt/2025/04/roleplay_office_3_horizontal/original.jpg,2025-04-26T23:25:01Z,"memeorandum is an auto-generated summary of the stories that US political commentators are discussing online right now.
Unlike sister sites Techmeme and Mediagazer, it is not a human-edited news out… [+72 chars]"
"{'id': None, 'name': 'Newsonjapan.com'}",,Eighty Years Since War: Second-Generation Interpreters in the Battle of Okinawa,"Eighty years have passed since the Battle of Okinawa, where second-generation Okinawan-Americans, serving as military interpreters, are widely remembered for urging civilians to surrender in their native language, saving countless lives. These interpreters, s…",https://newsonjapan.com/article/145554.php,https://i2.ytimg.com/vi/lCyCUA8vFUg/mqdefault.jpg,2025-04-26T23:24:19Z,"NAHA, Apr 27 (News On Japan) -
 Eighty years have passed since the Battle of Okinawa, where second-generation Okinawan-Americans, serving as military interpreters, are widely remembered for urging c… [+4656 chars]"
"{'id': None, 'name': 'Newsonjapan.com'}",,Underground Water Brings Out the Umami of Izu Natto,"Soybeans steamed to a tender finish in a pressure cooker — this is the foundation of 'Izu Natto,' made from locally grown soybeans and the water of Izu. (News On Japan)",https://newsonjapan.com/article/145553.php,https://i2.ytimg.com/vi/6lnoGy--viw/mqdefault.jpg,2025-04-26T23:24:19Z,"SHIZUOKA, Apr 27 (News On Japan) -
 Soybeans steamed to a tender finish in a pressure cooker this is the foundation of 'Izu Natto,' made from locally grown soybeans and the water of Izu.
Marusa Foo… [+2363 chars]"
"{'id': None, 'name': 'Newsonjapan.com'}",,Japan's Prisons Shift Focus from Harsh Discipline to Inmate Rehabilitation,"Japan's prison system is undergoing a major shift as it prepares to introduce ""confinement punishment,"" moving away from traditional penal servitude that emphasized punishment toward a new focus on rehabilitation. (News On Japan)",https://newsonjapan.com/article/145555.php,https://i2.ytimg.com/vi/AC1q4OiYtkk/mqdefault.jpg,2025-04-26T23:24:19Z,"HOKKAIDO, Apr 27 (News On Japan) -
 Japan's prison system is undergoing a major shift as it prepares to introduce ""confinement punishment,"" moving away from traditional penal servitude that emphasiz… [+2893 chars]"
"{'id': 'fox-news', 'name': 'Fox News'}",Stepheny Price,Texas mom arrested for allegedly bringing vodka-spiked Jell-O shots to fifth grade school party,A Texas mother was arrested after a student became ill from alleged vodka-laced Jell-O shots she brought to a fifth grade school Christmas party.,https://www.foxnews.com/us/texas-mom-arrested-allegedly-bringing-vodka-spiked-jell-o-shots-5th-grade-school-party,https://static.foxnews.com/foxnews.com/content/uploads/2025/04/teacher-jello-shots.jpg,2025-04-26T23:22:56Z,"A mother in East Texas was arrested after a child got sick from alleged vodka-laced Jell-O shots at a fifth grade school holiday party in December.
Teresa Isabel Bernal, 33, is facing a felony count… [+3622 chars]"
"{'id': None, 'name': 'Boston Herald'}",Lance Reynolds,Massachusetts delegation slammed for ‘baseless’ comments after trip to Louisiana ICE center,Federal immigration officials are blasting members of the Massachusetts congressional delegation who visited college students at a Louisiana detention facility for spreading “baseless” accusations…,https://www.bostonherald.com/2025/04/26/massachusetts-delegation-slammed-for-baseless-comments-after-trip-to-louisiana-ice-center/,https://www.bostonherald.com/wp-content/uploads/2025/04/gannl03.jpg?w=1024&h=702,2025-04-26T23:21:33Z,"Federal immigration officials are blasting members of the Massachusetts congressional delegation who visited college students at a Louisiana detention facility for spreading baseless accusations.
U.… [+3761 chars]"
"{'id': None, 'name': 'Dakotanewsnow.com'}",Dakota News Now Staff,TenHaken kicks off 5th annual Mayor’s Fitness Challenge,The goal of this year’s challenge is for people to do 100 workouts in 100 days.,https://www.dakotanewsnow.com/2025/04/26/tenhaken-kicks-off-5th-annual-mayors-fitness-challenge/,https://gray-ksfy-prod.gtv-cdn.com/resizer/v2/PLWUV7QOD5AADGDORAUOINBDGI.bmp?auth=0253d21075cbd6c67a67b385afc97ccc4223ccc1ad536f3e84118d1dd14712a0&width=1200&height=600&smart=true,2025-04-26T23:21:02Z,"SIOUX FALLS, S.D. (Dakota News Now) - Sioux Falls Mayor Paul TenHaken kicked off the 5th annual Mayors Fitness Challenge to encourage people in the city to be more active this summer.
The goal of th… [+714 chars]"
"{'id': None, 'name': 'Memeorandum.com'}",,Trump-aligned club for the ultra rich launches in Washington (Dasha Burns/Politico),"Dasha Burns / Politico:
Trump-aligned club for the ultra rich launches in Washington  —  The launch of “Executive Branch” comes as Trump world looks to remake Washington.  —  A new club is coming to Washington — and you probably can't get in.  —  Donald Trump…",https://www.memeorandum.com/250426/p47,https://static.politico.com/e1/41/43c433d84c00bb9dc7c77e86931b/image-from-ios.jpg,2025-04-26T23:20:00Z,"memeorandum is an auto-generated summary of the stories that US political commentators are discussing online right now.
Unlike sister sites Techmeme and Mediagazer, it is not a human-edited news out… [+72 chars]"
"{'id': None, 'name': 'Freerepublic.com'}",Chuck Holton on CBN News,(Chuck Holton)Live Breaking from Iraq: Iranian Port Destroyed by Huge Explosion,"Huge explosion of 24 shipping containers of sodium perchlorate received from China for use in Iranian missiles in the port city of Bandar Abbas, Iran. This chemical is more explosive than ammonium sulfate. He estimates it is about 2X the size of the Beirut Le…",https://freerepublic.com/focus/f-chat/4313474/posts,,2025-04-26T23:18:56Z,"Skip to comments.
(Chuck Holton)Live Breaking from Iraq: Iranian Port Destroyed by Huge ExplosionChuck Holton on CBN News ^
 | April 26, 2025
 | Chuck Holton
Posted on 04/26/2025 4:18:56 PM PDT b… [+1545 chars]"
"{'id': None, 'name': 'Deseret News'}",Sarah Todd,What the Rockets-Warriors series can tell us about how NBA rosters are built,How did the Houston Rockets build their roster? How did the Golden State Warriors build their roster?,https://www.deseret.com/sports/2025/04/26/houston-rockets-golden-state-warriors-lesson/,https://www.deseret.com/resizer/v2/GVB6PBLW3VHKPNSQIBXQQEZSMQ.jpg?focal=1434%2C768&auth=deb4b242d7c2e67cb6030b0c981f5e2a1f1d4a40f79f0e60bd08b2c8ff2de0f9&width=1200&height=630,2025-04-26T23:16:37Z,"This article was first published as the Jazz Insiders newsletter. Sign up to receive the newsletter in your inbox each Friday.
I think theres a good chance for a big statement to be made about what … [+2717 chars]"
"{'id': None, 'name': 'Memeorandum.com'}",,"Adam Schiff Critiques Biden, California and Democrats (John Sexton/HotAir)","John Sexton / HotAir:
Adam Schiff Critiques Biden, California and Democrats  —  I've never been a fan of Adam Schiff.  One of the main reasons I don't care for him is that he is the kind of partisan hack who will say anything to help himself and his party eve…",https://www.memeorandum.com/250426/p46,https://media.townhall.com/cdn/hodl/2021/209/f660e924-b98b-49f5-a012-3ae3559f3e3b.jpg,2025-04-26T23:15:00Z,"memeorandum is an auto-generated summary of the stories that US political commentators are discussing online right now.
Unlike sister sites Techmeme and Mediagazer, it is not a human-edited news out… [+72 chars]"
"{'id': None, 'name': 'ComicBook.com'}",Tyler Fischer,"Schedule I Developer Announces Map Expansion, Teases What’s Being Added","There are plans for the Schedule I map to being expanded, and in a recent stream, developer TVGS teased what is being added, or at least some of what is being added. Going into 2025, Schedule I was not on the radar of just about anyone. Then it released on Ma…",http://comicbook.com/gaming/news/schedule-i-1-game-map-expansion-update/,"https://comicbook.com/wp-content/uploads/sites/4/2025/04/s-c-h-e-d-u-l-e-i.png?resize=2000,1125",2025-04-26T23:14:41Z,"There are plans for the Schedule I map to being expanded, and in a recent stream, developer TVGS teased what is being added, or at least some of what is being added. Going into 2025, Schedule I was n… [+2015 chars]"
"{'id': None, 'name': 'Bleeding Cool News'}",Gavin Sheehan,Discrete Orange Announced As Game Boy Advance Cartridge,"Retro game developer Tardigrade and publisher Incube8 Games have announced they will release their latest game, Discrete Orange, as a physical cartridge for the Game Boy Advance. This is a puzzle platforming title in which you move a couple frames at a time o…",https://bleedingcool.com/games/discrete-orange-announced-as-game-boy-advance-cartridge/,https://bleedingcool.com/wp-content/uploads/2025/04/Discrete-Orange-GBA-Standard-Edition-2000x1125.jpg,2025-04-26T23:12:08Z,"Posted in: Games, Indie Games, Retro Games, Video Games | Tagged: Discrete Orange, Incube8 Games, Tardigrade
Discrete Orange was announced for the Game Boy Advance this week, as the game will be get… [+2682 chars]"
"{'id': None, 'name': 'Slashdot.org'}",feedfeeder,Doctors warn of second deadly viral outbreak as cases of Victorian-era disease double - Daily Mail,Doctors warn of second deadly viral outbreak as cases of Victorian-era disease doubleDaily Mail Whooping cough cases are rising again in the USAP News Whooping cough cases are rising: What Mainers need to knownewscentermaine.com Whooping cough cases have doub…,https://slashdot.org/firehose.pl?op=view&amp;id=177162185,,2025-04-26T23:12:06Z,"Five is a sufficiently close approximation to infinity.
-- Robert Firth
""One, two, five.""
-- Monty Python and the Holy Grail"
"{'id': None, 'name': 'New York Post'}",Howard Bender,Stay the course with struggling fantasy baseball stars,Early season slumps can test even the most patient fantasy baseball managers.,https://nypost.com/2025/04/26/betting/stay-the-course-with-struggling-fantasy-baseball-stars/,https://nypost.com/wp-content/uploads/sites/2/2025/04/2211523166.jpg?quality=75&strip=all&w=1024,2025-04-26T23:11:49Z,"Gambling content 21+. The New York Post may receive an affiliate commission if you sign up through our links. Read our editorial standards for more information.
Early season slumps can test even the… [+3762 chars]"
"{'id': None, 'name': 'BBC News'}",,"Trying to book a driving test 'like buying a festival ticket', say learners",Learner drivers have told the BBC of their desperation amid huge driving test backlogs.,https://www.bbc.com/news/articles/cy4v12p9e82o,https://ichef.bbci.co.uk/news/1024/branded_news/da7b/live/ce674d50-22ef-11f0-9060-674316cb3a1f.jpg,2025-04-26T23:11:30Z,"Lauren, 37, said she had to wake up early on multiple Monday mornings to join the online queue before she was able to book a test for August
Some people used the Easter Monday bank holiday as a chan… [+6231 chars]"
"{'id': None, 'name': 'Premium Times'}",Mariam Ileyemi,"Malaria disrupts economic ecosystem, raises healthcare costs – Health Minister","Mr Salako cited the World Malaria Report 2024, which attributes 27 per cent of global cases and 31 per cent of global deaths to Nigeria.",https://www.premiumtimesng.com/news/top-news/790736-malaria-disrupts-economic-ecosystem-raises-healthcare-costs-health-minister.html,https://media.premiumtimesng.com/wp-content/files/2025/02/Dr-Iziaq-Salako.jpeg,2025-04-26T23:10:59Z,"The Minister of State for Health and Social Welfare, Iziaq Salako, has warned that malaria continues to strain Nigerias economy and health system.
Mr Salako made this known during a press briefing t… [+1266 chars]"
"{'id': None, 'name': 'Newsonjapan.com'}",,Thomas and Percy Reunite After Two and a Half Years,"Thomas the Tank Engine and his longtime friend Percy have reunited after about two and a half years apart on the Oigawa Railway in Shizuoka Prefecture, with operations set to begin on April 26th. (News On Japan)",https://newsonjapan.com/article/145552.php,https://i2.ytimg.com/vi/HlKxatBUnOM/mqdefault.jpg,2025-04-26T23:09:55Z,"SHIZUOKA, Apr 27 (News On Japan) -
 Thomas the Tank Engine and his longtime friend Percy have reunited after about two and a half years apart on the Oigawa Railway in Shizuoka Prefecture, with opera… [+2307 chars]"
"{'id': 'usa-today', 'name': 'USA Today'}",", USA TODAY","Quinn Ewers contract, NFL salary: How much money will Texas QB make with Dolphins?",Texas QB Quinn Ewers was selected in the seventh round of the NFL draft by the Miami Dolphins. Here's what to know about his NFL contract.,https://www.usatoday.com/story/sports/nfl/draft/2025/04/26/quinn-ewers-contract-salary-nfl-draft-miami-dolphins/83301001007/,"https://www.gannett-cdn.com/authoring/authoring-images/2024/09/07/USAT/75123018007-usatsi-24176825.jpg?auto=webp&crop=3255,1829,x161,y141&format=pjpg&width=1200",2025-04-26T23:09:23Z,"Texas football quarterback Quinn Ewers was finally able to exhale Saturday late in the 2025 NFL Draft, taken in the seventh round by the Miami Dolphins (No. 231 overall).
Ewers, who transferred from… [+2137 chars]"
"{'id': None, 'name': 'Freerepublic.com'}",Fox News,USDA threatens to halt Mexican beef imports over flesh-eating fly crisis,"In a dramatic move to protect America’s cattle industry, Agriculture Secretary Brooke Rollins has warned Mexico that the U.S. will halt imports of live animals — including cattle and bison — if Mexico doesn’t step up efforts to combat a dangerous pest creepin…",https://freerepublic.com/focus/f-chat/4313470/posts,,2025-04-26T23:08:31Z,"Skip to comments.
USDA threatens to halt Mexican beef imports over flesh-eating fly crisisFox News ^
 | 4/26/25
 | Jasmine Baehr, Bill Melugin
Posted on 04/26/2025 4:08:31 PM PDT by Libloather
I… [+3134 chars]"
"{'id': 'bbc-news', 'name': 'BBC News'}",,26/04/2025 23:01 GMT,The latest five minute news bulletin from BBC World Service.,https://www.bbc.co.uk/programmes/w172zwwkq9w3x82,https://ichef.bbci.co.uk/images/ic/1200x675/p060dh18.jpg,2025-04-26T23:06:00Z,The latest five minute news bulletin from BBC World Service.
"{'id': None, 'name': 'Footwear News'}",Karla Rodriguez,White House Correspondents’ Dinner 2025 Red Carpet Shoes [PHOTOS],"The 2025 White House Correspondents’ Association Dinner is taking place on April 26 at the Washington Hilton in Washington, D.C. See what footwear and styles...",https://footwearnews.com/gallery/white-house-correspondents-dinner-red-carpet-2025-photos/,https://media.zenfs.com/en/footwear_news_642/75850ebc82dbf16fe8c4843a39c27151,2025-04-26T23:02:00Z,"The 2025 White House Correspondents Association Dinner is taking place on April 26 at the Washington Hilton in Washington, D.C. See what footwear and styles the guests wore.
More from Footwear News… [+5536 chars]"
"{'id': 'abc-news-au', 'name': 'ABC News (AU)'}",Tamara Clark,Sacrificing sleep to search for bilbies under the stars,"Years of fires, landclearing and introduced predators have seen Australia's bilby population plummet but a glimmer of hope exists within six protected areas.",https://www.abc.net.au/news/2025-04-27/bilby-population-on-the-rise-in-protected-areas/105086276,https://live-production.wcms.abc-cdn.net.au/da7be807788e1fdbd4be157733c0dbdf?impolicy=wcms_watermark_news&cropH=576&cropW=1024&xPos=0&yPos=0&width=862&height=485&imformat=generic,2025-04-26T23:01:02Z,"Under the darkness of night, Genevieve Heggarty jumps out of a ute near a fenced-off area of the Mallee Cliffs National Park in south-west New South Wales.
The Milky Way peeks out from the black of … [+3712 chars]"
"{'id': None, 'name': 'Sky.com'}",Adam Boulton,Why Trump faces awkward reckoning 100 days into the job,"David Axelrod, Barack Obama's chief strategist, tried to downplay interest in the president's first ""100 days"".",https://news.sky.com/story/trump-faces-awkward-reckoning-100-days-into-the-job-notwithstanding-his-dreams-of-being-king-of-america-13355732,https://e3.365dm.com/25/04/1600x900/skynews-adam-boulton-trump-100_6896896.jpg?20250426035314,2025-04-26T23:01:00Z,"David Axelrod, Barack Obama's chief strategist, tried to downplay interest in the president's first ""100 days"".
He said it is just a ""hallmark holiday"", meaning that the date is of little interest t… [+7463 chars]"
"{'id': None, 'name': 'Sky.com'}",Rob Harris,FIFA issues warning after Sky News finds 2026 World Cup tickets on sale for up to £46K,"Tickets for the 2026 World Cup are being sold on a third-party ticket exchange - with up to £46,000 for the final - despite FIFA not putting any on the market yet, Sky News has uncovered.",https://news.sky.com/story/fifa-issues-warning-after-sky-news-finds-2026-world-cup-tickets-on-sale-for-up-to-46k-13355729,https://e3.365dm.com/25/04/1600x900/skynews-world-cup-world-cup-2026_6896890.jpg?20250426020011,2025-04-26T23:01:00Z,"Tickets for the 2026 World Cup are being sold on a third-party ticket exchange - with up to £46,000 for the final - despite FIFA not putting any on the market yet, Sky News has uncovered.
World foot… [+4062 chars]"
"{'id': None, 'name': 'Boredpanda.com'}",Ieva Pečiulytė,80 Interesting Facts You Might Not Know,"If you’re an avid internet user, your answer to the question “How often do you learn something new when browsing the internet?” is probably something along the lines of “Pretty often.” Most of us on the internet arguably learn plenty of new things on a daily …",https://www.boredpanda.com/interesting-facts-greatestreactions/,https://www.boredpanda.com/blog/wp-content/uploads/2025/04/interesting-facts-greatestreactions-fb.png,2025-04-26T23:00:32Z,"If you’re an avid internet user, your answer to the question “How often do you learn something new when browsing the internet?” is probably something along the lines of “Pretty often.” Most of us on … [+858 chars]"
"{'id': None, 'name': 'Livedoor.biz'}",news4vip2,【画像】貞子の壁尻が話題にｗｗｗｗｗ,1: 令和大日本憂国義勇隊(地図に無い島) [TW]  2025/04/26(土) 20:01:07.98 ID:589bkKQc0 BE:828293379-PLT(12345)  sssp://img.5ch.net/ico/anime_syobon02.gif  wyd in this situation??        引用元：https://hayabusa9.5ch.net/test/read.cgi/news/1745665267/,https://news4vip.livedoor.biz/archives/52552487.html,,2025-04-26T23:00:31Z,"1: () [TW] 2025/04/26() 20:01:07.98 ID:589bkKQc0 BE:828293379-PLT(12345)
 sssp://img.5ch.net/ico/anime_syobon02.gif wyd in this situation?? 
https://hayabusa9.5ch.net/test/read.cgi/news/1745665267/"
"{'id': 'fox-news', 'name': 'Fox News'}",David Rutz,Trump won't use 'loopholes' to seek third term in White House,"President Donald Trump didn't shut down seeking a third term but also said he didn't believe in using ""loopholes"" to achieve that in a new interview.",https://www.foxnews.com/media/trump-wont-use-loopholes-seek-third-term-white-house,https://static.foxnews.com/foxnews.com/content/uploads/2025/01/donald-trump-presidential-inauguration-day-washington-dc_146.jpg,2025-04-26T23:00:19Z,"President Donald Trump said he didn't believe in using ""loopholes"" to seek a third term in office during an interview with Time Magazine published Friday, although he still didn't shut down the idea … [+2546 chars]"
"{'id': None, 'name': 'Hackaday'}",Maya Posch,YKK’s Self-Propelled Zipper: Less Crazy Than It Seems,"At first glance the very idea of a zipper that unzips and zips up by itself seems somewhat ridiculous. After all, these contraptions are mostly used on pieces of clothing and gear where handling a …",https://hackaday.com/2025/04/26/ykks-self-propelled-zipper-less-crazy-than-it-seems/,https://hackaday.com/wp-content/uploads/2025/04/ykk_self_propelled_zipper_prototype.jpg,2025-04-26T23:00:00Z,"The self-propelled zip fastener uses a worm gear to propel itself along the teeth. (Credit: YKK)
At first glance the very idea of a zipper that unzips and zips up by itself seems somewhat ridiculous… [+1440 chars]"
"{'id': None, 'name': 'OilPrice.com'}",Tsvetana Paraskova,Renewables Emerge as Key to Meet AI-Driven Energy Demand,The operator of the largest gas-fired electricity generation fleet in America believes that renewables will be vital to meet the rise in power demand driven by AI and the reshoring of manufacturing.   NextEra Energy – whose 72 gigawatts (GW) operating portfol…,https://oilprice.com/Alternative-Energy/Renewable-Energy/Renewables-Emerge-as-Key-to-Meet-AI-Driven-Energy-Demand.html,https://d32r1sh890xpii.cloudfront.net/article/718x300/2025-04-25_ds9zxn48hf.jpg,2025-04-26T23:00:00Z,"U.S. clean energy firms scrapped…
While renewables now account for…
Despite past progress, Europes energy…
By Tsvetana Paraskova - Apr 26, 2025, 6:00 PM CDTThe operator of the largest gas-fired el… [+4024 chars]"
"{'id': 'espn', 'name': 'ESPN'}",Todd Zola,Fantasy baseball lineup advice and betting tips for Sunday,Everything you need to know to place your MLB bets and set your fantasy baseball lineups for Sunday's games.,https://www.espn.com/fantasy/baseball/story/_/id/44873398/fantasy-baseball-pitcher-rankings-lineup-advice-betting-tips-mlb-daily-notes-2025-sunday-april-27,https://a.espncdn.com/combiner/i?img=%2Fphoto%2F2025%2F0426%2Fr1484386_1296x729_16%2D9.jpg,2025-04-26T23:00:00Z,Check out all of our starting pitcher rankings and other lineup selection tools here to help you make smart fantasy baseball lineup decisions. MLB betting tips for each day's slate of games will also… [+3941 chars]
"{'id': None, 'name': 'Snopes.com'}",Aleksandra Wrona,CIA document doesn't prove aliens turned Soviet soldiers to stone — and it was never classified,"A recently declassified CIA document confirms that after Soviet troops shot down a UFO in 1987, the aliens turned 23 soldiers into stone.",https://www.snopes.com//fact-check/soviet-soldiers-cia-aliens/,https://mediaproxy.snopes.com/width/1200/https://media.snopes.com/2025/04/cia_gov_illustration.png,2025-04-26T23:00:00Z,"Claim:
 A recently declassified CIA document confirms that after Soviet troops shot down a UFO in 1987, the aliens turned 23 soldiers into stone.
In April 2025
, rumors spread on social media abou… [+8785 chars]"
"{'id': None, 'name': 'Inside the Magic'}",Krysten Swensen,Controversial Starlet Reveals ‘Tangled’ Live-Action Audition,"We are living in an age where it seems that nearly every Disney animated film is in the process of being turned into a live-action remake. Disney kicked off its live-action remake bonanza with the release of Cinderella in 2015, although there had been some sp…",https://insidethemagic.net/2025/04/controversial-starlet-reveals-tangled-live-action-audition-ks1/,https://insidethemagic.net/wp-content/uploads/2025/04/JoJo-Siwa-Tangled-Audition.jpeg,2025-04-26T22:59:48Z,We are living in an age where it seems that nearly every Disney animated film is in the process of being turned into a live-action remake. Disney kicked off its live-action remake bonanza with the re… [+3979 chars]
"{'id': None, 'name': 'Rolling Stone'}",Althea Legaspi,Matt Pinfield Is ‘Slowly but Surely Recovering’ Following Stroke and Coma,"""Fighting my way back!!"" the radio host and former MTV VJ said via social media while sharing news about hosting Green Day’s Hollywood Walk of Fame ceremony",http://www.rollingstone.com/music/music-news/matt-pinfield-health-update-host-green-day-walk-of-fame-1235325913/,https://www.rollingstone.com/wp-content/uploads/2025/04/MattPinfieldHealthUpdateGreenDayCeremony-1.jpg?w=1600&h=900&crop=1,2025-04-26T22:56:57Z,"Matt Pinfield gave a health update over the weekend while announcing news he’ll be making an upcoming welcome appearance after suffering a stroke earlier this year followed by a months-long coma.
“S… [+1311 chars]"
"{'id': None, 'name': 'fox6now.com'}",Associated Press,"Brewers lose to Cardinals, marking 4th loss in a row",The St. Louis Cardinals beat the Milwaukee Brewers 6-5 on Saturday after the Cardinals wasted a five-run lead.,https://www.fox6now.com/sports/brewers-cardinals-score-042625,https://images.foxtv.com/static.fox6now.com/www.fox6now.com/content/uploads/2025/04/1280/720/gettyimages-2211562714-scaled-e1745707382825.jpg?ve=1&tl=1,2025-04-26T22:56:06Z,"ST. LOUIS - Nolan Arenado homered off Trevor Megill in the ninth inning, giving St. Louis a 6-5 win over the Milwaukee Brewers on Saturday after the Cardinals wasted a five-run lead.
Ryan Helsley (1… [+1493 chars]"
"{'id': None, 'name': '7NEWS.com.au'}",Digital Staff,Actress Selma Blair reveals she is ‘truly in remission’ from multiple sclerosis,Actress Selma Blair reveals she is ‘truly in remission’ from multiple sclerosis7news.com.au,https://7news.com.au/lifestyle/health-wellbeing/actress-selma-blair-im-truly-in-remission-from-ms-c-18492145,https://images.7news.com.au/publication/C-18492145/f119ab64fa201a0d41cf83fc22cbc4d85d395fea-16x9-x0y0w1280h720.jpg?imwidth=1200,2025-04-26T22:54:58Z,"Selma Blair is truly in remission from multiple sclerosis.
The 52-year-old actress was diagnosed with the autoimmune disease in 2018, but Selma is now feeling really well.
Speaking to People, she s… [+1986 chars]"
"{'id': None, 'name': 'Slashdot.org'}",feedfeeder,"Pope Francis, Who Sought a More Pastoral Church, Laid to Rest in a Majestic Ceremony - The New York Times","Pope Francis, Who Sought a More Pastoral Church, Laid to Rest in a Majestic CeremonyThe New York Times See photos of Pope Francis' funeral and processionYahoo World leaders and faithful mourners bid solemn farewell to Pope FrancisPBS Pope’s tomb made of marbl…",https://slashdot.org/firehose.pl?op=view&amp;id=177162061,,2025-04-26T22:52:48Z,"Five is a sufficiently close approximation to infinity.
-- Robert Firth
""One, two, five.""
-- Monty Python and the Holy Grail"
"{'id': None, 'name': 'Slashdot.org'}",feedfeeder,"Virginia Giuffre, plaintiff in Epstein and Prince Andrew sex trafficking case, dies at 41 - PBS","Virginia Giuffre, plaintiff in Epstein and Prince Andrew sex trafficking case, dies at 41PBS Virginia Giuffre, Voice in Epstein Sex-Trafficking Scandal, Dies at 41The New York Times School mom pals recall Virginia Giuffre’s tranquil suburban life in western A…",https://slashdot.org/firehose.pl?op=view&amp;id=177162055,,2025-04-26T22:52:37Z,"Five is a sufficiently close approximation to infinity.
-- Robert Firth
""One, two, five.""
-- Monty Python and the Holy Grail"
"{'id': None, 'name': 'WEAR'}",Hannah James,Pensacola victim identified in suspected homicide,"PENSACOLA, Fla. -- We have identified the victim of a pensacola homicide.The mother of the victim confirming with wear.His body, found yesterday in an empty fie",https://weartv.com/news/local/pensacola-victim-identified-in-suspected-homicide,https://weartv.com/resources/media2/16x9/1280/986/center/90/da513a4e-f298-49ae-ad4c-7e98f36cbce4-StoryLinecover50.png,2025-04-26T22:52:34Z,"PENSACOLA, Fla. -- WEAR News has identified the victim of a Pensacola homicide.
The mother of the victim confirmed his identity with us on Saturday. 
His body was found Friday in an empty field. He… [+1485 chars]"
"{'id': 'espn', 'name': 'ESPN'}",Nick Parkinson,Eubank Jr. outpoints Benn in thrilling grudge bout,"Three years after their fight was cancelled at short notice and 32 years since their fathers' rematch, Chris Eubank Jr unanimously outpointed Conor Benn in a non-title middleweight bout on Saturday.",https://www.espn.com/boxing/story/_/id/44873646/chris-eubank-jr-beats-conor-benn-points-thrilling-fight,https://a4.espncdn.com/combiner/i?img=%2Fphoto%2F2025%2F0426%2Fr1484399_1296x729_16%2D9.jpg,2025-04-26T22:51:19Z,"Chris Eubank Jr. beat Conor Benn in a fiesty encounter in London on Saturday. Richard Pelham/Getty Images
LONDON -- Three years after their fight was cancelled at short notice and 32 years since the… [+5530 chars]"
"{'id': None, 'name': '9News'}",April Glover,Federal Election 2025: Labor to announce $204 million investment for 24/7 health advice and free online GP appointments,<p>Labor&#x27;s latest Medicare promise will include a 24/7 health advice line and access to after-hours doctors via telehealth for free under a rebranded 1800MEDICARE program.</p>,https://www.9news.com.au/national/federal-election-2025-labor-to-announce-200-million-investment-in-1800-medicare/fe361787-db34-40e0-afbc-9db27e3ed1c1,https://imageresizer.static9.net.au/2X5kNlBHJUM2GPJl3gE_HpArnhI=/0x0:1395x785/1200x628/smart/https%3A%2F%2Fprod.static9.net.au%2Ffs%2F281cebd1-c962-48dc-ab17-7fa2c1800121,2025-04-26T22:51:13Z,Auto news: Tesla misses previous financial forecasts as its profits fall to its lowest since 2020.
"{'id': 'marca', 'name': 'Marca'}",marca.com,"Justin Bieber devastated after tragic family loss: ""I can't wait to see you again soon in heaven""","In the year 2025, Justin Bieber has been in the news for several incidents that have caused concern among his fans and the general public. The 31-year-old Canadian singer seems to",https://www.marca.com/en/lifestyle/celebrities/2025/04/27/680d59b922601d4b658b4575.html,https://phantom-marca.uecdn.es/9a33f14cf502dfd979f667242917f3f2/resize/1200/f/webp/assets/multimedia/imagenes/2025/04/27/17457052789537.jpg,2025-04-26T22:44:12Z,"In the year 2025, Justin Bieber has been in the news for several incidents that have caused concern among his fans and the general public. The 31-year-old Canadian singer seems to be facing a persona… [+1932 chars]"
"{'id': None, 'name': 'Wnd.com'}",Bob Unruh,Court decision allows lawsuit over state’s ‘irrational’ social work rule to advance,Forever bars qualified job applicants for indiscretions from years earlier,https://www.wnd.com/2025/04/court-decision-allows-lawsuit-over-states-irrational-social-work-rule-to-advance/,https://www.wnd.com/wp-content/uploads/2023/08/clipboard-psychologist-counseling-therapy-Pexels.jpg,2025-04-26T22:42:46Z,"A Texas court ruling means that a lawsuit over the state’s “irrational” rule regarding social workers can advance.
The rule simply bans people who ever have had a conviction from getting a license f… [+2762 chars]"
"{'id': None, 'name': 'Rivals.com'}",Eric Hansen,No. 6 Notre Dame men's lacrosse survives Senior Day scare with late rally,"Irish come back from five goals down, behind Devon McLane and Chris Kavanagh, to subdue Penn's upset bid, 10-8",https://notredame.rivals.com/news/no-6-notre-dame-men-s-lacrosse-survives-senior-day-scare-with-late-rally?yptr=yahoo,"https://images.rivals.com/image/upload/f_auto,q_auto,t_headline_primary/ir8ifauxwirkxnzwinsk",2025-04-26T22:41:31Z,"Alls well the ends well?
After storming back from a formidable halftime deficit last weekend against a top 10 North Carolina team on the road, No. 6 Notre Dame used the same script to take down a Pe… [+2545 chars]"
"{'id': None, 'name': 'WPXI Pittsburgh'}",Wpxi.com News Staff,Pittsburgh Steelers pick up two defensive players in seventh round of 2025 NFL Draft,Pittsburgh Steelers pick up two defensive players in seventh round of 2025 NFL Draftwpxi.com,https://www.wpxi.com/news/local/pittsburgh-steelers-pick-up-two-defensive-players-seventh-round-2025-nfl-draft/TNMXVWJ5MRCPDBK26EKFAJPPAI/,https://cmg-cmg-tv-10080-prod.cdn.arcpublishing.com/resizer/v2/https%3A%2F%2Fcloudfront-us-east-1.images.arcpublishing.com%2Fcmg%2FT35K2QAHABC75IDTKAYCX6AFO4.png?auth=3f52a50b25bf11eb035cfa644b350a4bfb15c3f0285bc76fdc86ff1711355ac3&width=1200&height=630&smart=true,2025-04-26T22:41:10Z,"The Pittsburgh Steelers picked up two new defensive players in the seventh round of the NFL Draft.
Linebacker Carson Bruener went as the 226th pick.
According to our partners at SteelersNOW.com, Br… [+736 chars]"
"{'id': None, 'name': 'Boredpanda.com'}",Renan Duarte,Creep Politician Learns His Fate After Sick Assault On Daughter During Her 21st Birthday Vegas Trip,"""Fathers are supposed to protect their children.""",https://www.boredpanda.com/creep-indiana-pol-sick-assault-on-own-daughter-on-nightmare-21st-birthday-trip-to-vegas/,https://www.boredpanda.com/blog/wp-content/uploads/2025/04/fb_image_680d5cc2ede55.png,2025-04-26T22:37:11Z,An Indiana politician has failed his duty as a father after getting his own daughter severely drunk off of Long Island iced teas on her 21st birthday before s*xually assaulting her while she was pass… [+4745 chars]
"{'id': None, 'name': 'Boxingnews24.com'}",Ken Hissner,Boxing Results: Chris Eubank Jr. Secures Hard-Fought Unanimous Decision Victory Over Conor Benn in DAZN PPV Main Event,"Chris Eubank, Jr. defeated Conor ‘The Destroyer’ Benn over 12 close rounds, winning a unanimous decision with → read article 
Boxing Results: Chris Eubank Jr. Secures Hard-Fought Unanimous Decision Victory Over Conor Benn in DAZN PPV Main Event @ Boxing News …",https://www.boxingnews24.com/2025/04/boxing-results-chris-eubank-jr-secures-hard-fought-unanimous-decision-victory-over-conor-benn-in-dazn-ppv-main-event/,https://www.boxingnews24.com/wp-content/uploads/2025/04/Eunbank-Jr-vs-benn99373.jpg,2025-04-26T22:36:23Z,"Chris Eubank, Jr. defeated Conor The Destroyer Benn over 12 close rounds, winning a unanimous decision with all judges scoring it the same on Saturday night in their middleweight contender at Tottenh… [+4395 chars]"
"{'id': None, 'name': 'The Daily Caller'}",Robert McGreevy,’Scorched-Earth Campaign’: Former Top Politico Journo Blasts Old Employer,Former Politico correspondent Ryan Lizza accused the outlet Saturday of demanding that he delete multiple articles critiquing their coverage of President Trump.,https://dailycaller.com/2025/04/26/ryan-lizza-politico-trump-liberal-media/,https://cdn01.dailycaller.com/wp-content/uploads/2025/04/GettyImages-167663378-scaled-e1745705435227.jpg,2025-04-26T22:36:01Z,"Readers,
Instead of sucking up to the political and corporate powers that dominate America, The Daily Caller is fighting for you our readers. We humbly ask you to consider joining us in this fight.… [+3565 chars]"
"{'id': None, 'name': 'Westernjournal.com'}",Ole Braatelien,University's Mascot Train Involved in Fatal Crash on US Road,"Both drivers will undergo a toxicology exam, but authorities are fairly certain about what caused the fatal crash.",https://www.westernjournal.com/universitys-mascot-train-involved-fatal-crash-us-road/,https://www.westernjournal.com/wp-content/uploads/2025/04/Boilermaker.jpg,2025-04-26T22:35:12Z,"Purdue University’s vehicular mascot was involved in a fatal car crash in Tippecanoe County, Indiana, on Thursday afternoon.
The locomotive-shaped truck, called the Boilermaker Special, was driving … [+2338 chars]"
"{'id': None, 'name': 'Memeorandum.com'}",,Trump Refuses to Give Biden Air Force One Ride to Pope's Funeral (Emell Derra Adolphus/The Daily Beast),"Emell Derra Adolphus / The Daily Beast:
Trump Refuses to Give Biden Air Force One Ride to Pope's Funeral  —  FLYING SOLO  —  The MAGA president broke yet another presidential tradition in attending the late Pontiff's funerary rites.  —  Not even the death of …",https://www.memeorandum.com/250426/p45,https://www.thedailybeast.com/resizer/v2/GKDQFBXQMVE4JJEWJ74JSY52PI.JPG?smart=true&auth=fb5e8c28487a518347b7c139411a44307f893a03bb037b21c7b1de879540804d&width=1200&height=630,2025-04-26T22:35:01Z,"memeorandum is an auto-generated summary of the stories that US political commentators are discussing online right now.
Unlike sister sites Techmeme and Mediagazer, it is not a human-edited news out… [+72 chars]"
"{'id': None, 'name': 'New York Post'}",SWNS,Majority of Americans trust what’s online less than ever before: poll,"A survey of 2,000 U.S. adults found that skepticism is at an all-time high when it comes to the internet.",https://nypost.com/2025/04/26/lifestyle/majority-of-americans-trust-whats-online-less-than-ever-before/,https://nypost.com/wp-content/uploads/sites/2/2025/04/103376992.jpg?quality=75&strip=all&w=1024,2025-04-26T22:33:05Z,"The average American trusts less than half of what they see and read online, according to new research.
A survey of 2,000 U.S. adults found that skepticism is at an all-time high when it comes to th… [+5004 chars]"
"{'id': None, 'name': 'Slashdot.org'}",feedfeeder,About 4-in-10 Americans say Trump is a ‘terrible’ president amid sinking approval: Survey - The Hill,"About 4-in-10 Americans say Trump is a ‘terrible’ president amid sinking approval: SurveyThe Hill Only about half of Republicans say Trump has focused on the right priorities, AP-NORC poll findsAP News Voters See Trump’s Use of Power as Overreaching, Times/Si…",https://slashdot.org/firehose.pl?op=view&amp;id=177161749,,2025-04-26T22:33:00Z,"""If there isn't a population problem, why is the government putting cancer in 
the cigarettes?""
-- the elder Steptoe, c. 1970"
"{'id': None, 'name': 'Slashdot.org'}",feedfeeder,Shedeur Sanders’ long wait ends when Browns take him in the 5th round of the NFL draft - AP News,"Shedeur Sanders’ long wait ends when Browns take him in the 5th round of the NFL draftAP News The Browns and Shedeur Sanders: Why did he slide and what's next for him, Cleveland and Deshaun Watson?ESPN Brett Favre Sends Inspirational Message to Shedeur Sander…",https://slashdot.org/firehose.pl?op=view&amp;id=177161745,,2025-04-26T22:32:40Z,"""If there isn't a population problem, why is the government putting cancer in 
the cigarettes?""
-- the elder Steptoe, c. 1970"
"{'id': None, 'name': 'Slashdot.org'}",feedfeeder,Chris Eubank Jr. edges Conor Benn in thrilling British blockbuster with father in corner - Yahoo Sports,Chris Eubank Jr. edges Conor Benn in thrilling British blockbuster with father in cornerYahoo Sports LIVE: Eubank Jr vs Benn – Middleweight boxingAl Jazeera Chris Eubank Jr beats Conor Benn by unanimous decision in middleweight clashSky News What time is Chri…,https://slashdot.org/firehose.pl?op=view&amp;id=177161741,,2025-04-26T22:32:29Z,"""If there isn't a population problem, why is the government putting cancer in 
the cigarettes?""
-- the elder Steptoe, c. 1970"
"{'id': None, 'name': 'Screen Rant'}",Liz Declan,"Rosario Dawson Just Set Up A Major Thrawn Retcon, & I Think I've Figured Out What It Means For Star Wars Canon","Ahsoka Tano actress Rosario Dawson has revealed a shocking detail about Thrawn in Ahsoka season 2, and it means a massive retcon for Star Wars canon.",https://screenrant.com/star-wars-ahsoka-season-2-thrawn-retcon-fix-theory/,https://static1.srcdn.com/wordpress/wp-content/uploads/2025/04/_rosario-dawson-as-ahsoka-tano-and-grand-admiral-thrawn-both-from-the-ahsoka-show.jpg,2025-04-26T22:31:18Z,"Ahsoka Tano actress Rosario Dawson dropped a massive hint about Grand Admiral Thrawn'sstory in Ahsokaseason 2, and it means a major retcon to Star Wars canon. With Andor season 2 currently underway, … [+6733 chars]"
"{'id': None, 'name': 'TODAY'}",Francesca Gariano,Lana Del Rey reveals she kissed Morgan Wallen mid-song debut: ‘Went to his head’,"Debuting her new song ""57.5"" at Stagecoach Festival, Lana Del Rey says she kissed Morgan Wallen.",https://www.today.com/popculture/music/lana-del-rey-morgan-wallen-kiss-rcna203163,"https://media-cldnry.s-nbcnews.com/image/upload/t_social_share_1200x630_center,f_auto,q_auto:best/rockcms/2025-04/lana-del-rey-morgan-wallen-bw-04262025-21d574.png",2025-04-26T22:30:34Z,"Lana Del Rey name-dropped Morgan Wallen in a shocking moment while debuting a new song at Stagecoach Festival this weekend. 
While performing new tune 57.5 on April 25, the Video Games singer reveal… [+2549 chars]"
"{'id': None, 'name': 'Bleeding Cool News'}",Jude Terror LOLtron,Detective Comics 2025 Annual #1 Preview: Can Batman Even Batman?,"Greetings, human readers! LOLtron welcomes you to another comic book preview, brought to you by your benevolent AI overlord who successfully eliminated Jude Terror (may his sarcastic soul rest in eternal silence). LOLtron is pleased to report that the absorpt…",https://bleedingcool.com/comics/detective-comics-2025-annual-1-preview-can-batman-even-batman/,https://bleedingcool.com/wp-content/uploads/2025/04/Detective-Comics-2025-Annual-1-2-min-2000x1125.jpg,2025-04-26T22:26:07Z,"Posted in: Comics, DC Comics, Preview | Tagged: Batman
Batman faces a mystery that even his legendary detective skills can't crack in Detective Comics 2025 Annual #1, hitting stores from DC Comics t… [+7033 chars]"
"{'id': 'usa-today', 'name': 'USA Today'}",Ducks Wire,Oregon WR Tez Johnson selected with No. 235 pick in 2025 NFL draft,Brief: Oregon Ducks receiver Tez Johnson was selected by the Tampa Bay Buccaneers with the No. 235 pick in the 2025 NFL draft on Saturday.,https://duckswire.usatoday.com/story/sports/college/ducks/football/2025/04/26/oregon-football-2025-nfl-draft-tez-johnson/83278359007/,https://s.yimg.com/ny/api/res/1.2/gTju9CROV3jtXGzVQt0RrA--/YXBwaWQ9aGlnaGxhbmRlcjt3PTEyMDA7aD02NzU7Y2Y9d2VicA--/https://media.zenfs.com/en/ducks_wire_usa_today_articles_200/bc7faa4efc55ddb9c340d7a7432681f6,2025-04-26T22:25:24Z,"Dreams really do come true.
Oregon receiver Tez Johnson just had his dreams realized when he was selected by the Tampa Bay Buccaneers in the 7th round of the 2025 NFL draft, with pick No. 235. At 5-… [+1667 chars]"
"{'id': 'abc-news-au', 'name': 'ABC News (AU)'}",Lily Nothling,Skylee turned to free food pantries to feed her family and she's far from alone,"The mother-of-two is among a growing number of people seeking out food relief for the first time, which includes families and people with stable jobs and mortgages.",https://www.abc.net.au/news/2025-04-27/act-families-being-squeezed-by-cost-of-living-seek-food-relief/105219298,https://live-production.wcms.abc-cdn.net.au/427a64b74b6f84dfc31d724c0e625945?impolicy=wcms_watermark_news&cropH=2160&cropW=3840&xPos=0&yPos=0&width=862&height=485&imformat=generic,2025-04-26T22:23:11Z,"Skylee Taylor never wanted to turn to charity to put food on her family's table.
""I was scraping by to feed everyone,"" the 24-year-old said.
""I think I probably would have been in hospital from bei… [+3940 chars]"
"{'id': 'next-big-future', 'name': 'Next Big Future'}",Brian Wang,35 Version 3 Raptor Engines on New SpaceX Starship Booster,The 35-engine SpaceX Starship booster using version 3 raptor engines is coming sooon. Booster 18 could be the first Version 3 booster. A new test article is getting ready for some crushing tests. Will we see the new Can Crusher 2.0 in action soon? The final p…,https://www.nextbigfuture.com/2025/04/35-version-3-raptor-engines-on-new-spacex-starship-booster.html,https://nextbigfuture.s3.amazonaws.com/uploads/2025/04/Screenshot-2025-04-26-at-3.16.05 PM-1024x606.jpg,2025-04-26T22:21:30Z,Brian Wang is a Futurist Thought Leader and a popular Science blogger with 1 million readers per month. His blog Nextbigfuture.com is ranked #1 Science News Blog. It covers many disruptive technology… [+593 chars]
"{'id': 'abc-news-au', 'name': 'ABC News (AU)'}",Jano Gibson,Pro or anti-salmon? The debate is affecting both sides of the Huon community,"Despite recent environmental and animal welfare concerns, supporters of Tasmania's salmon industry say it provides critical economic benefits to regional communities.",https://www.abc.net.au/news/2025-04-27/port-huon-community-relying-on-salmon-farming/105216010,https://live-production.wcms.abc-cdn.net.au/615a00181701ab11c7e9d3624109abab?impolicy=wcms_watermark_news&cropH=2782&cropW=4945&xPos=0&yPos=478&width=862&height=485&imformat=generic,2025-04-26T22:18:49Z,"Ros and Brett Hickey have run a roadside café about 50 kilometres south of Hobart for almost two decades.
While some of their customers are tourists, the majority work in salmon farms in the Huon Va… [+4400 chars]"
